<?xml version="1.0" encoding="utf-8"?>
<resources>
    
	<color name="about_screen_bg_color">#fc6f6f</color>
	<color name="feedback_btn_color">#13ed4d</color>
	<color name="feedback_text_color">#FFFFFF</color>
    <color name="ButtonColor_colouredButtonBackground">#FF0000</color>
	<color name="ButtonColor_colouredButtonDisabledBackground">#800080</color>
	<color name="TextfieldColor_disabledText">#FFFF00</color>
	<color name="TextfieldColor_normalText">#FFFF00</color>
	
</resources>
