<?xml version="1.0" encoding="utf-8"?>
<resources>
    
	<string name="send_feedback_page_title">Dynamic feedback title for demo</string>
	<string name="send_feedback_btn_text">Dynamic Send Button</string>
    <string name="settings_signOut">Sign Out Button title</string>
	<string name="card_Action_searchPersonalInfoTitle">Want to search for other personal info Testing?</string>
	<string name="button_checkForPersonalInfo">Check for my personal info android user Test</string>
	<string name="services_Identity_title">Identity Protection Test</string>
	<string name="breachList_noBreachHeaderTitle">Your info looks safe from hackers for the email that has been selected in identity</string>	
	<string name="settings_MyAccount_addNumberLabel">Add a phone number in my account</string>	


</resources>
