<?xml version="1.0" encoding="utf-8"?>
<resources>
    
	<string name="send_feedback_page_title">Dynamic feedback title for demo</string>
	<string name="send_feedback_btn_text">Dynamic Send Button</string>
    <string name="settings_signOut">Sign Out Button title</string>
	<string name="card_Action_searchPersonalInfoTitle">Want to search for other personal info Testing?</string>
	<string name="button_checkForPersonalInfo">Check for my personal info android user Test</string>
	<string name="services_Identity_title">Identity Protection Test</string>
	<string name="breachList_noBreachHeaderTitle">Your info looks safe from hackers for the email that has been selected in identity</string>	
	<string name="phoneNumbers_addAPhoneNumber">Add a phone number in my account</string>
	<string name="button_whatElseWilluDo">What else will you do as user of device?</string>
	<string name="vPNSetup_permissionPageTopContent">Protecting you from unsafe Wi-Fi requires your permission to set up \"VPN\".\n\nTap Allow and enter your passcode or %@ ID to confirm it as user of device.</string>
	<string name="button_acceptAndContinue">Accept and Continue user</string>
	<string name="subscription_nosubscriptionErrorTitle">We couldn’t find any updates to your subscription user</string>
 	<string name="vPNSetup_permissionPageAlertText">We can’t protect your personal info and privacy until you allow us to add VPN as user.</string>

</resources>
